generation,steps,loss,train_score,eval_fitness,ckpt_eval_mean,ckpt_eval_std
0,2000,0.013898808937286958,-1.3213043478260875,-1.7783333333333342,-2.0400000000000014,1.8154117990142082
1,4000,0.007450647521181963,-0.7445762711864412,-2.565,-2.836,2.0951334086401276
2,6000,0.00494258357596118,-1.2960869565217399,-1.9683333333333346,-1.7600000000000011,1.7420562562672892
3,8000,0.003923501040437259,-1.0876470588235299,-0.6333333333333341,-2.3100000000000014,1.7243085570744014
4,10000,0.00480961160332663,-0.8518867924528307,-0.5983333333333339,-0.6940000000000005,1.4464660383154535
5,12000,0.004890462078736163,-0.26648648648648693,-1.7633333333333345,-2.0580000000000016,1.8692929144465307
6,14000,0.0062896656504599375,-0.20500000000000046,-1.1600000000000008,-2.0520000000000014,1.877023175136632
7,16000,0.007698195487959311,0.24939130434782583,-0.28166666666666723,-0.5480000000000004,1.5268189152614016
8,18000,0.008460697911446914,-0.1700000000000004,-0.0083333333333336,-0.6640000000000004,1.5059428940036212
9,20000,0.008499885798199103,0.14685714285714258,-1.2000000000000008,0.23999999999999994,0.08049844718999234
10,22000,0.008166307774954475,0.34587786259541964,0.06333333333333302,-0.5340000000000007,1.6095912524613207
11,24000,0.007669220774434507,0.4553947368421052,-0.4950000000000007,-1.412000000000001,1.7493930375990423
12,26000,0.007902476284652949,0.24107142857142833,-0.18500000000000041,0.10599999999999991,0.13865064009949613
13,28000,0.008371635573217646,0.38627737226277353,0.13666666666666638,-0.5260000000000005,1.4900416101572476
14,30000,0.008040871012490243,0.4241843971631204,0.7633333333333333,-0.6120000000000004,1.522332420990896
15,32000,0.008222800648771227,0.5203571428571427,0.7366666666666667,0.08999999999999997,0.11313708498984756
16,34000,0.008126964486204088,0.5453888888888888,0.0999999999999998,0.0059999999999997946,0.5373490485708524
17,36000,0.007845468303654343,0.6276811594202899,0.79,0.10400000000000001,0.12403225386970919
18,38000,0.008134551834780722,0.6332710280373831,0.7783333333333333,-0.38800000000000057,0.7229218491649017
19,40000,0.00721302941837348,0.6604329004329005,0.7716666666666668,0.2019999999999999,0.029257477676655562
20,42000,0.007445195734268054,0.5511475409836065,0.7366666666666667,0.15999999999999995,0.12473972903610135
21,44000,0.006609057990135625,0.6389545454545454,0.8783333333333333,0.24999999999999986,0.13084341787036896
22,46000,0.006648783660726622,0.6564473684210527,0.8116666666666666,0.023999999999999945,0.24727312834192075
23,48000,0.00670322611508891,0.6533771929824561,0.79,0.08399999999999999,0.0970772887960927
24,50000,0.006125533858546987,0.6917063492063492,0.7333333333333334,0.22199999999999992,0.15065191668213176
